<?xml version="1.0" encoding="UTF-8"?>
<project-private xmlns="http://www.netbeans.org/ns/project-private/1">
    <editor-bookmarks xmlns="http://www.netbeans.org/ns/editor-bookmarks/2" lastBookmarkId="0"/>
    <open-files xmlns="http://www.netbeans.org/ns/projectui-open-files/2">
        <group>
            <file>file:/C:/Users/smart/OneDrive/Documents/NetBeansProjects/x22440482_alexgarbalyauskas_server/src/x22440482_alexgarbalyauskas_server/SelectionThread.java</file>
            <file>file:/C:/Users/smart/OneDrive/Documents/NetBeansProjects/x22440482_alexgarbalyauskas_server/src/x22440482_alexgarbalyauskas_server/ChatThread.java</file>
            <file>file:/C:/Users/smart/OneDrive/Documents/NetBeansProjects/x22440482_alexgarbalyauskas_server/src/x22440482_alexgarbalyauskas_server/CalendarThread.java</file>
            <file>file:/C:/Users/smart/OneDrive/Documents/NetBeansProjects/x22440482_alexgarbalyauskas_server/src/x22440482_alexgarbalyauskas_server/X22440482_alexgarbalyauskas_server.java</file>
        </group>
    </open-files>
</project-private>
